insert into cgr_bancos values (DEFAULT, 'Provincial');
insert into cgr_bancos values (DEFAULT , 'BDV');
insert into cgr_bancos values (DEFAULT , 'Mercantil');
insert into cgr_bancos values (DEFAULT , 'Plazas');
insert into cgr_bancos values (DEFAULT , 'Tesoro');
insert into cgr_bancos values (DEFAULT , 'Exterior');
insert into cgr_bancos values (DEFAULT , 'BOD');
insert into cgr_bancos values (DEFAULT , 'Bancaribe');
insert into cgr_bancos values (DEFAULT , 'Banplus');

insert into cgr_clientes values (25385742, 'roberto', 'natural', 'ojeda', 'pacheco');
insert into cgr_clientes values (25151252, 'ernesto', 'natural', 'avila', 'garcia');
insert into cgr_clientes values (12547589, 'Emprendimiento 123 C.A.', 'juridico');
insert into cgr_clientes values (88774589, 'cristel', 'natural', 'andrade' );
insert into cgr_clientes values (1025369, 'juan', 'natural', 'ojeda');
insert into cgr_clientes values (25393752, 'joan', 'natural', 'rosas', 'cruz');
insert into cgr_clientes values (5899658, 'Ysnardo', 'natural', 'Salgado' );
insert into cgr_clientes values (44111222, 'Jualia ', 'natural', 'Curoto', 'Perez');
insert into cgr_clientes values (47489956, 'Luis', 'juridico', 'Garcia', 'Garnica');

insert into cgr_areas_de_interes values (DEFAULT , 'Aventura', 'Visita a lugares exoticos y encuentros con la naturaleza');
insert into cgr_areas_de_interes values (DEFAULT, 'Celebraciones especiales', 'Para lunas de miel, reencuentros, viajes familiares, celebraciones de cumpleaños, etc');
insert into cgr_areas_de_interes values (DEFAULT, 'Cultura y educacion', 'Enfocado al aprendizaje de nuevas culturas, en diferentes partes del mundo');
insert into cgr_areas_de_interes values (DEFAULT, 'Submarinismo', 'Visita el gran mundo bajo el mar');
insert into cgr_areas_de_interes values (DEFAULT, 'Pesca', 'Amantes del deporte de la pesca');
insert into cgr_areas_de_interes values (DEFAULT, 'Gastronomia', 'Conoce los platos que recorren el mundo');
insert into cgr_areas_de_interes values (DEFAULT, 'Romance', 'Ten una velada esplendida, de lujo ');
insert into cgr_areas_de_interes values (DEFAULT, 'Spa y bienestar', 'Relajarse en pareja o indivual');
insert into cgr_areas_de_interes values (DEFAULT, 'turismo', 'Para conocer el mundo');

insert into cgr_paises values (DEFAULT, 'Francia' , 'EU' , 'Europa' , 'frances' , 'primer pais');
insert into cgr_paises values (DEFAULT, 'Suiza' , 'EU', 'Europa' , 'suizo' , ' segundo pais' );
insert into cgr_paises values (DEFAULT, 'Alemania', 'EU', 'Europa', 'aleman' , 'tercer pais' );
insert into cgr_paises values (DEFAULT, 'Austria', 'EU' , 'Europa' , 'austriaco' , 'cuarto pais');
insert into cgr_paises values (DEFAULT , 'EAU' , 'AF_MO' , 'Asia' , 'emirati', 'quinto pais');
insert into cgr_paises values (DEFAULT , 'Egipto', 'AF_MO', 'Africa', 'egipcio' , 'sexto pais');
insert into cgr_paises values (DEFAULT, ' Marruecos' , 'AF_MO', 'Africa' , 'marroqui' , 'septimo pais');
insert into cgr_paises values (DEFAULT, 'Catar', 'AF_MO', 'Africa' , 'catari', 'octavo pais');
insert into cgr_paises values (DEFAULT, 'Australia', 'AU_NZ_PAS', 'Oceania', 'australiano', 'noveno pais');
insert into cgr_paises values (DEFAULT, 'Fiyi', 'AU_NZ_PAS', 'Oceania', 'fiyiano', 'decimo pais');
insert into cgr_paises values (DEFAULT, 'Nueva Zelanda', 'AU_NZ_PAS', 'Oceania' , 'neolandes', 'decimo-primer pais');
insert into cgr_paises values (DEFAULT , 'China' , 'AS', 'Asia', 'chino', 'decimo-segundo pais'); 
insert into cgr_paises values(DEFAULT, 'Singapur', 'AS', 'Asia', 'singapurense', 'decimo-tercer pais'); 
insert into cgr_paises values (DEFAULT, 'Tailandia', 'AS', 'Asia', 'tailandes' , 'decimo-cuarto pais');
insert into cgr_paises values (DEFAULT, 'Japon', 'AS', 'Asia', 'japones' , 'decimo-quinto pais');
insert into cgr_paises values (DEFAULT, 'Peru', 'MEX_CEN_SUR', 'America', 'peruanos', 'decimo-sexto pais');
insert into cgr_paises values (DEFAULT, 'Mexico', 'MEX_CEN_SUR', 'America', 'mexicanos', 'decimo-septimo pais');
insert into cgr_paises values (DEFAULT, 'Panama', 'MEX_CEN_SUR', 'America', 'panamenos', 'decimo-octavo pais');
insert into cgr_paises values (DEFAULT, 'Brasil', 'MEX_CEN_SUR', 'America', 'brasileros', 'decimo-noveno pais');
insert into cgr_paises values (DEFAULT, 'USA', 'USA_CAN_CAR', 'America' , 'americanos' , 'vigesimo pais');
insert into cgr_paises values(DEFAULT, 'Cuba', 'USA_CAN_CAR', 'America', 'cubanos', 'vigesimo-primer pais'); 
insert into cgr_paises values (DEFAULT, 'Canada', 'USA_CAN_CAR', 'America', 'canadienses' , 'vigesimo-segundo pais');

insert into cgr_rallies values (DEFAULT, 'rally de francia', '30' , '2021-03-11' , '2021-03-18' , 'individual' , 7, 20);
insert into cgr_rallies values (DEFAULT, 'rally de zurich', '20' , '2021-04-10' , '2021-03-13' , 'pareja' , 4, 15);
insert into cgr_rallies values (DEFAULT, 'rally de hamburgo', '45' , '2021-04-20' , '2021-04-26' , 'pareja' , 7, 35);
insert into cgr_rallies values (DEFAULT, 'rally de viena', '20' , '2022-01-20' , '2021-01-25' , 'individual' , 6, 30);
insert into cgr_rallies values (DEFAULT, 'rally de el cairo', '35' , '2022-05-15' , '2022-05-21' , 'pareja' , 7, 28);
insert into cgr_rallies values (DEFAULT, 'rally de dubai', '50' , '2022-08-17' , '2022-08-21' , 'pareja' , 4, 50);
insert into cgr_rallies values (DEFAULT, 'rally de auckland', '15' , '2023-04-15' , '2023-04-20' , 'individual' , 6, 20);
insert into cgr_rallies values (DEFAULT, 'rally de rabat', '30' , '2023-09-28' , '2023-10-02' , 'individual' , 5, 25);
insert into cgr_rallies values (DEFAULT, 'rally de tokio', '45' , '2023-12-01' , '2023-12-06' , 'pareja' , 6, 40);

insert into cgr_premios values ( DEFAULT , 1 , 1 , '50% de descuento');
insert into cgr_premios values ( DEFAULT , 1 , 2 , '30% de descuento');
insert into cgr_premios values ( DEFAULT , 1 , 3 , '10% de descuento');
insert into cgr_premios values ( DEFAULT , 2 , 1 , 'Camara fotografica Nikon D5600');
insert into cgr_premios values ( DEFAULT , 2 , 2 , 'Airpods pro');
insert into cgr_premios values ( DEFAULT , 2 , 3 , 'carpa coleman dos personas');
insert into cgr_premios values ( DEFAULT , 3 , 1 , 'Samsung galaxy s20');
insert into cgr_premios values ( DEFAULT , 3 , 2 , 'apple watch ');
insert into cgr_premios values ( DEFAULT , 3 , 3 , 'reloj garmin');

insert into cgr_ciudades values (DEFAULT, 1 , 'Paris', 'ciudad', 'primera ciudad');
insert into cgr_ciudades values (DEFAULT, 2, 'Zurich', 'ciudad', 'segunda ciudad');
insert into cgr_ciudades values (DEFAULT, 3, 'Hamburgo', 'ciudad', 'tercera cuidad');
insert into cgr_ciudades values (DEFAULT, 4, 'Viena', 'ciudad', 'cuarta ciudad');
insert into cgr_ciudades values (DEFAULT, 5, 'Dubai', 'ciudad' , 'quinta ciudad'); 
insert into cgr_ciudades values (DEFAULT, 6, 'El Cairo', 'ciudad', 'sexta ciudad'); 
insert into cgr_ciudades values (DEFAULT, 7, 'Rabat', 'localidad', 'primera localidad');
insert into cgr_ciudades values (DEFAULT, 8, 'Daha', 'localidad', 'segunda localidad');
insert into cgr_ciudades values (DEFAULT,9, 'Gold Coast', 'ciudad', 'septima ciudad');
insert into cgr_ciudades values (DEFAULT, 10 , 'Nadi', 'localidad', 'tercera localidad');
insert into cgr_ciudades values (DEFAULT, 9, 'Perth', 'ciudad', 'octava cuidad');
insert into cgr_ciudades values (DEFAULT, 11, 'Auckland', 'ciudad', 'novena ciudad');
insert into cgr_ciudades values (DEFAULT, 12, 'Hong kong ', 'ciudad', 'decima ciudad');
insert into cgr_ciudades values (DEFAULT, 13, 'Singapur', 'ciudad', 'decima-primera ciudad');
insert into cgr_ciudades values (DEFAULT, 14, 'Bangkok', 'ciudad', 'decima-segunda ciudad');
insert into cgr_ciudades values (DEFAULT, 15, 'Tokio', 'ciudad', 'decima-tercera ciudad');
insert into cgr_ciudades values (DEFAULT, 16, 'Lima', 'ciudad', 'decima-cuarta ciudad');
insert into cgr_ciudades values (DEFAULT, 17, 'Puerto Vallarta', 'ciudad', 'decima-quinta ciudad');
insert into cgr_ciudades values (DEFAULT, 18, 'Panama', 'ciudad', 'decima-sexta ciudad');
insert into cgr_ciudades values (DEFAULT, 19, 'Rio de janeiro', 'ciudad', 'decima-septima ciudad');
insert into cgr_ciudades values (DEFAULT, 20, 'New York', 'ciudad', 'decima-octava ciudad');
insert into cgr_ciudades values (DEFAULT, 21, 'La habana', 'ciudad', 'decima-novena ciudad');
insert into cgr_ciudades values (DEFAULT, 22, 'Montreal', 'ciudad', 'vigesima ciudad');
insert into cgr_ciudades values (DEFAULT, 20, 'San francisco', 'ciudad', 'vigesima-primera ciudad');

insert into cgr_atracciones values (DEFAULT, 1, 1, 'Museo de Louvre' , 'El Museo del Louvre es el más importante del país y uno de los más visitados del mundo, más de ocho millones de personas visitan sus colecciones cada año');
insert into cgr_atracciones values (DEFAULT, 1, 1, 'Torreo Eiffel' , 'La Torre Eiffel es el símbolo de París, fue construida para la Exposición Universal de París de 1889 y actualmente es el monumento más visitado del mundo.');
insert into cgr_atracciones values (DEFAULT, 2, 2, 'Uetliberg' , 'Es una montaña en la meseta suiza , parte de la cadena Albis , que se eleva a 870 m (2850 pies).');
insert into cgr_atracciones values (DEFAULT, 2, 2, 'Lago de Zúrich', 'Es un lago de Suiza, que se extiende al sudeste de la ciudad de Zúrich.');
insert into cgr_atracciones values (DEFAULT, 3, 3, 'Kunsthalle de Hamburgo', 'Museo de arte situado en Hamburgo');
insert into cgr_atracciones values (DEFAULT, 3, 3, 'Reeperbahn', 'Calle en el barrio de Sankt Pauli en el distrito Hamburg-Mitte en Hamburgo, uno de los centros de la vida nocturna de la ciudad');
insert into cgr_atracciones values (DEFAULT, 4, 4, 'Innere Stadt' , 'primer distrito de Viena y el centro de la capital de Austria');
insert into cgr_atracciones values (DEFAULT, 4, 4, 'Museo de Historia del Arte de Viena', 'Es uno de los primeros museos de bellas artes y artes decorativas del mundo');
insert into cgr_atracciones values (DEFAULT, 5, 5, 'Ski Dubái', 'Es una de las estaciones de esquí interiores más grandes del mundo, con 22.500 metros cuadrados de área esquiable');
insert into cgr_atracciones values (DEFAULT, 5, 5, 'Parque Acuático Atlantis' , 'Uno de los parques acuaticos mas grandes'); 
insert into cgr_atracciones values (DEFAULT, 6, 6, 'Pirámides de Giza' , 'Es una de la mayor pirámides de Egipto, la más antigua del mundo');
insert into cgr_atracciones values (DEFAULT, 6, 6, 'Desert Egypt Safari' , ' Recorre los bellos paisajes egipcios en 4x4 con esta excursión');
insert into cgr_atracciones values (DEFAULT, 7, 7, 'Torre Hasán', 'Es el minarete de una mezquita inacabada en Rabat, la capital de Marruecos.');
insert into cgr_atracciones values (DEFAULT, 7, 7, 'Dar Rbatia', 'Restaurante marroquí abierto desde 1989');
insert into cgr_atracciones values (DEFAULT, 8, 8, 'Angry Birds World Qatar' , 'Es el primero de su tipo. Agrupado con atracciones para todos los miembros de la familia, el parque ofrece una experiencia alegre e inolvidable.');
insert into cgr_atracciones values (DEFAULT, 8, 8, 'Museo de Arte Islámico de Doha', 'Museo situado en la localidad de Doha, capital de Catar, dedicado al arte islámico desde el siglo VII al XIX en el que se incluyen diversos objetos desde manuscritos hasta textiles');
insert into cgr_atracciones values (DEFAULT, 9, 9, 'Sea World', 'Parque de mamíferos marinos, oceanario y parque temático'); 
insert into cgr_atracciones values (DEFAULT, 9, 9 , 'Parque nacional Springbrook', 'Es un parque nacional Forma parte de los Bosques húmedos Gondwana de Australia, sitio clasificado por la Unesco como Patrimonio de la Humanidad ');
insert into cgr_atracciones values (DEFAULT, 10, 10 , ' Garden of the Sleeping Giant' , 'Jardín botánico apacible con más de 2000 clases de orquídeas, numerosas plantas autóctonas, senderos y zonas de pícnic');
insert into cgr_atracciones values(DEFAULT, 10, 10 , 'Go Dirty Tours Fiji', 'Visitas guiadas en quad, alquiler de scooters, alquiler de motos, alquiler de coches, descubra los bosques remotos de Fiji');
insert into cgr_atracciones values (DEFAULT, 11, 9, 'Penguin island', ' Es el hogar de una colonia de aproximadamente 1200 pingüinos pequeños, la mayor población de aves en Australia Occidental ');
insert into cgr_atracciones values(DEFAULT, 11, 9, 'John Forrest National Park' , 'Proclamado como parque nacional en noviembre de 1900, fue el primer parque nacional en Australia Occidental y el segundo en Australia después del Parque Nacional Real.');
insert into cgr_atracciones values (DEFAULT, 12, 11, 'Haloterapia en la cueva de sal de Auckland', ' La Cueva de sal brinda una experiencia relajante y revitalizante por medio de la haloterapia, halomasajes, haloyoga, y halomeditación.');
insert into cgr_atracciones values (DEFAULT, 12, 11, 'Crucero con cena por el puerto de Auckland', 'Admire Auckland desde el agua y disfrute de una comida indulgente durante un memorable crucero por el puerto'); 
insert into cgr_atracciones values (DEFAULT, 13, 12, 'Gran Buda' , 'El Buda Tian Tan, más conocido como Buda Gigante, es una estatua gigante de bronce de un buda Amoghasiddhi terminada en 1993');
insert into cgr_atracciones values (DEFAULT, 13, 12, 'Victoria Harbour', 'Es un punto natural de interés del territorio, y los habitantes de la ciudad lo consideran un elemento natural esencial de la ciudad');
insert into cgr_atracciones values (DEFAULT, 14, 13, 'Supertree Grove', 'Jardines verticales únicos en forma de altos árboles, con grandes toldos y luces vistosas por la noche.');
insert into cgr_atracciones values (DEFAULT, 14, 13, 'Marina Bay Sands', 'Complejo de edificios de Singapur, localizado frente a Marina Bay y desarrollado por Las Vegas Sands que está considerado como el casino independiente más costoso del mundo');
insert into cgr_atracciones values (DEFAULT, 15, 14, 'Benihana' , 'Restaurante japones es bien conocido por su excelencia culinaria a base de suculentas carnes, delicias del mar, verduras crujientes');
insert into cgr_atracciones values (DEFAULT, 15, 14, 'Yaowarat', 'El Barrio Chino de Bangkok'); 
insert into cgr_atracciones values (DEFAULT, 16, 15, 'Tokyo Skytree' , ' Es la estructura artificial más alta en Japón desde 2010'); 
insert into cgr_atracciones values(DEFAULT, 16, 15, 'Odaiba' , 'Es una extensa isla artificial en la bahía de Tokio' );
insert into cgr_atracciones values(DEFAULT, 17, 16, 'Catedral del lima', 'La Basílica Catedral Metropolitana de Lima y Primada del Perú es la Iglesia Mayor del Perú y se encuentra en el centro histórico de Lima');
insert into cgr_atracciones values (DEFAULT, 17, 16, 'Circuito Mágico del Agua', 'El Parque de la Reserva es un parque ubicado en el barrio de Santa Beatriz en el Cercado de Lima en la ciudad de Lima, capital');
insert into cgr_atracciones values (DEFAULT, 18, 17, 'Norwegian Epic', 'Buque de cruceros de la naviera Norwegian Cruise Line');
insert into cgr_atracciones values (DEFAULT, 18, 17 , 'Royal Caribbean Symphony of the seas', 'un crucero de clase Oasis propiedad y operado por Royal Caribbean International');
insert into cgr_atracciones values (DEFAULT, 19, 18, 'Isla palenque', 'isla que está localizada en la costa oeste del Pacífico ');
insert into cgr_atracciones values (DEFAULT, 19, 18, 'Canal de panama', 'El canal de Panamá es una vía de navegación interoceánica ubicada entre el mar Caribe y el océano Pacífico. Atraviesa el punto más estrecho del istmo de Panamá' );
insert into cgr_atracciones values (DEFAULT, 20, 19, 'Cristo Redentor', 'El Cristo Redentor o Cristo del Corcovado es una enorme estatua de Jesús de Nazaret con los brazos abiertos'); 
insert into cgr_atracciones values (DEFAULT, 20, 19, 'Maracana', 'Maracaná es el templo máximo del fútbol brasileño.' ); 
insert into cgr_atracciones values (DEFAULT, 21, 20, 'Memorial del 11S', 'Es un monumento situado en la Zona Cero de Nueva York que homenajea a todos las personas que perdieron la vida el 11 de septiempre');
insert into cgr_atracciones values (DEFAULT, 21, 20, 'Angelika Film Center & Café' , 'El Angelika Film Center & Café original abrió en el distrito Soho de la ciudad de Nueva York en 1989.');
insert into cgr_atracciones values (DEFAULT, 22, 21, 'Old Habana', 'La Habana Vieja es la zona más antigua de la capital cubana.');
insert into cgr_atracciones values (DEFAULT, 22, 21, 'Habana 61', 'Restaurante en la Habana, excelene opcion culinaria');
insert into cgr_atracciones values (DEFAULT, 23, 22, 'Montreal Botanical Garden', 'Es un gran jardín botánico e invernaderos de 73 hectáreas de extensión');
insert into cgr_atracciones values (DEFAULT, 23, 22, 'Barbie Expo', 'Exposicion mas grande del mundo de barbie');
insert into cgr_atracciones values (DEFAULT, 24, 20, 'Alcatraz', 'Fue una prisión federal de máxima seguridad en Isla de Alcatraz, (2,01 km²) frente a la costa de San Francisco, California, EE.UU., la cual funcionó desde 1934 a 1963');
insert into cgr_atracciones values (DEFAULT, 24, 20, 'Golden Gate Bridge Tours', 'Tour por el puente colgante situado en Estados Unidos, California, que une la península de San Francisco por el norte con el sur del condado de Marin, cerca de Sausalito');

insert into cgr_circuitos values (1, 1, 1, 1, 7);
insert into cgr_circuitos values (2, 2, 2, 2, 4);
insert into cgr_circuitos values (3, 3, 3, 3, 7);
insert into cgr_circuitos values (4, 4, 4, 4, 6);
insert into cgr_circuitos values (5, 5, 6, 6, 7 );
insert into cgr_circuitos values (6, 6, 5, 5, 4);
insert into cgr_circuitos values (7, 7, 12, 11, 6);
insert into cgr_circuitos values (8, 8, 7, 7, 5);
insert into cgr_circuitos values (9, 9, 16, 15, 6);

insert into cgr_atr_cir values (1, 1, 1, 1, 1, 1, 1, 1);
insert into cgr_atr_cir values (4, 2, 2, 2, 2, 2, 2, 2);
insert into cgr_atr_cir values (5, 3, 3, 3, 3, 3, 3, 3);
insert into cgr_atr_cir values (7, 4, 4, 4, 4, 4, 4, 4);
insert into cgr_atr_cir values (11, 6, 6, 5, 5, 6, 6, 5);
insert into cgr_atr_cir values (9, 5, 5, 6, 6, 5, 5, 6);
insert into cgr_atr_cir values (24, 12, 11, 7, 7, 12, 11, 7);
insert into cgr_atr_cir values (13, 7, 7, 8, 8, 7, 7, 8);
insert into cgr_atr_cir values (31, 16, 15, 9, 9, 16, 15, 9);

insert into cgr_agencias_de_viajes values (DEFAULT, 'Veltre' , 'T', 'I', 'www.veltra.com',8134572 ,'Ueno Ameyoko Shotengai', 16, 15, 'ofrece cientos de recorridos y actividades para viajeros de todo el mundo');
insert into cgr_agencias_de_viajes values (DEFAULT, 'Travelzoo', 'T', 'L', 'www.travelzoo.com', 1646980 , 'Second Avenue ', 21, 20, 'compañía de Internet que publica ofertas de más de 2,000 viajes, entretenimiento y negocios locales como restaurantes y spas');
insert into cgr_agencias_de_viajes values (DEFAULT, 'Gadventures', 'R', 'I', 'www.gadventures.com', 511598  , 'WASHINGTON 1097', 17, 16, 'operador de tours guiados en grupos pequeños.');
insert into cgr_agencias_de_viajes values (DEFAULT, 'Dreamtrips', 'R', 'I', 'www.dreamtrips.com' , 1972805 , '75024', 24, 20, 'Como miembro de DreamTrips, reserve una variedad de vacaciones.');
insert into cgr_agencias_de_viajes values (DEFAULT, 'Contiki' , 'W', 'I' , 'www.contiki.com', 18662668, 'Abbey Street' , 12, 11, 'es una compañía de turismo que atiende a personas de entre 18 y 35 años');
insert into cgr_agencias_de_viajes values (DEFAULT, 'Tourradar', 'W' , 'I', ' www.tourradar.com', 617310, 'Fleischmarkt', 4, 4, 'TourRadar es una compañía global privada con sede en Viena, Austria, que opera un mercado en línea y un motor de reservas por Internet que se especializa en recorridos de varios días');
insert into cgr_agencias_de_viajes values (DEFAULT, 'Airbnb', 'M', 'I', 'www.airbnb.com', 1628900, 'Buchanan Street ', 24, 20, 'Airbnb es una compañía que ofrece una plataforma digital dedicada a la oferta de alojamientos a particulares y turísticos');
insert into cgr_agencias_de_viajes values (DEFAULT, 'Klook Travel', 'M', 'N', 'www.klook.com',8522521 , '2 Lower Albert Rd', 13, 12, 'Descubre y reserva experiencias de viaje increíbles con Klook!');
insert into cgr_agencias_de_viajes values (DEFAULT, 'Peek', 'M', 'I', 'www.peek.com',1646980, 'Lexington Avenue', 21, 20, 'Peek es una ventanilla única para descubrir y reservar increíbles actividades, recorridos y más');
 
insert into cgr_age_age values (1, 9, '2020-12-03', '2025-12-03');
insert into cgr_age_age values (9, 8, '2020-12-03', '2025-12-03');
insert into cgr_age_age values (8, 7, '2021-01-10', '2022-01-10');
insert into cgr_age_age values (8, 4, '2020-10-25', '2025-10-25');
insert into cgr_age_age values (7, 3, '2019-02-15', '2021-02-15');
insert into cgr_age_age values (3, 6, '2019-08-17', '2026-08-17');
insert into cgr_age_age values (3, 5, '2021-10-07', '2025-10-07');
insert into cgr_age_age values (5, 4, '2018-10-02', '2022-10-02');
insert into cgr_age_age values (9, 2, '2010-09-04', '2021-09-04');

insert into cgr_cupos values (1 , 1, 10);
insert into cgr_cupos values (2 , 1, 10);
insert into cgr_cupos values (3 , 2, 15);
insert into cgr_cupos values (4 , 3, 35);
insert into cgr_cupos values (5 , 4, 10);
insert into cgr_cupos values (6 , 4, 10);
insert into cgr_cupos values (7 , 4, 10);
insert into cgr_cupos values (8 , 5, 10);
insert into cgr_cupos values (9 , 5, 15);

insert into cgr_registro_clientes values (1025369, 1, '2020-02-13', 1);
insert into cgr_registro_clientes values (5899658, 1,'2021-01-02', 2);
insert into cgr_registro_clientes values (12547589, 2,'2019-10-02', 1);
insert into cgr_registro_clientes values (25151252, 2,'2018-08-17', 2);
insert into cgr_registro_clientes values (25385742, 2,'2020-10-10', 3);
insert into cgr_registro_clientes values (25393752, 3,'2020-03-17', 1);
insert into cgr_registro_clientes values (44111222, 3,'2019-01-02', 2);
insert into cgr_registro_clientes values (47489956, 4,'2019-09-01', 1);
insert into cgr_registro_clientes values (88774589, 5,'2018-05-15', 1);

insert into cgr_alojamientos values ( DEFAULT, 1, 1, 'Hotel Elysées Union');
insert into cgr_alojamientos values ( DEFAULT, 1, 1, 'Hotel Terminus Lyon ');
insert into cgr_alojamientos values (DEFAULT, 2, 2, 'Hotel Limmathof');
insert into cgr_alojamientos values (DEFAULT, 2, 2, 'aja Zürich ');
insert into cgr_alojamientos values (DEFAULT, 21, 20, 'Riu Plaza New York Times Square ');
insert into cgr_alojamientos values (DEFAULT, 21, 20, 'MOXY NYC Times Square');
insert into cgr_alojamientos values (DEFAULT, 13, 12, 'K11 ARTUS');
insert into cgr_alojamientos values (DEFAULT, 3, 3, 'The Westin Hamburg');
insert into cgr_alojamientos values (DEFAULT, 3, 3, 'Barceló Hamburg');

insert into cgr_proveedores values (DEFAULT, 1, 'Elysées Union', 'exclusivo');
insert into cgr_proveedores values (DEFAULT, 2, 'Terminus Lyon', 'exclusivo');
insert into cgr_proveedores values (DEFAULT, 3, 'Limmathof', 'multiagencias');
insert into cgr_proveedores values (DEFAULT, 4, 'a-ja Zürich', 'multiagencias');
insert into cgr_proveedores values (DEFAULT, 5, 'New York Company', 'exclusivo');
insert into cgr_proveedores values (DEFAULT, 6, 'MOXY NYC ', 'exclusivo');
insert into cgr_proveedores values (DEFAULT, 7, 'K11', 'multiagencias');
insert into cgr_proveedores values (DEFAULT, 8, 'Westin associates', 'exclusivo');
insert into cgr_proveedores values (DEFAULT, 9, 'Barceló associates', 'exclusivo');

insert into cgr_pro_age values (1, 1, '2010-02-10');
insert into cgr_pro_age values (2, 2, '2010-02-10');
insert into cgr_pro_age values (3, 3, '2015-02-10', '2020-10-10');
insert into cgr_pro_age values (4, 4, '2016-03-13', '2020-03-13');
insert into cgr_pro_age values (5, 4, '2015-12-10');
insert into cgr_pro_age values (6, 4, '2016-08-12');
insert into cgr_pro_age values (7, 4, '2020-12-10', '2021-01-12');
insert into cgr_pro_age values (8, 4, '2012-12-12');
insert into cgr_pro_age values (9, 4, '2010-11-11');

insert into cgr_asesores_de_viajes values (DEFAULT, 'Roberto', 'Ojeda', 'Cruz', 4243543443);
insert into cgr_asesores_de_viajes values (DEFAULT, 'Gabriel', 'Pacheco', 'Mendez', 42425421);
insert into cgr_asesores_de_viajes values (DEFAULT, 'Alejandro', 'Fernandez', 'Cruz', 412954989);
insert into cgr_asesores_de_viajes values (DEFAULT, 'Roberto', 'Freites', 'Diaz', 4148547885);
insert into cgr_asesores_de_viajes values (DEFAULT, 'Carlos', 'Perez', 'Amilcar', 4147586594);
insert into cgr_asesores_de_viajes values (DEFAULT, 'Guillermo', 'Ordoñez', 'Pacheco', 4241542636);
insert into cgr_asesores_de_viajes values (DEFAULT, 'Yanet', 'Ojeda', 'Ortiz', 4249519894);
insert into cgr_asesores_de_viajes values (DEFAULT, 'Maria', 'Avila', 'Carl', 4166549878, 'Fernanda');
insert into cgr_asesores_de_viajes values (DEFAULT, 'Roberto', 'Yamir', 'Yanez', 4243543443,'David');

insert into cgr_paquetes values ( DEFAULT, 1, 'todo incluido paris', 5, 'Visita guiada al museo Lovre, estadia en hotel Elysées Union', true, 2);
insert into cgr_paquetes values ( DEFAULT, 1, 'todo incluido paris 2', 7, 'Visita guiada a la torre eiffel , estadia en hotel Terminus Lyon con vista a la torre desde su habitacion', false, 2);
insert into cgr_paquetes values ( DEFAULT, 3, 'Lo Mejor de Dubai', 3, 'Descubre dubai desde los mejores parques de aguas', true, 5);
insert into cgr_paquetes values ( DEFAULT, 3, 'Alcatraz Tour', 1, 'Tour Guiado a la vieja carcel de alcatraz', true,15);
insert into cgr_paquetes values ( DEFAULT, 6, 'Golden Gate Bridge Champagne ', 2, 'Disfruta la experiencia de navegar bajo el Golden Gate Bridge', false, 5);
insert into cgr_paquetes values ( DEFAULT, 6, 'New York City SUV Tour', 1, 'Cruza por toda la ciudad de New your en una SUV de lujo', true, 4);
insert into cgr_paquetes values ( DEFAULT, 7, 'Gran buda tour', 1, 'Disfruta de la vista del gran buda TINTAN de 35 mts de alto', true, 5);
insert into cgr_paquetes values ( DEFAULT, 8, 'Dragons Back Trail ', 4, 'Viaje por mas montañas mas entrañables de Hong Kong con hermosa vista', true, 10);
insert into cgr_paquetes values ( DEFAULT, 9, 'Dia de piscina ', 1, 'Disfruta de nuestras hermosas especies marinas y bañate con ellas ', true, 5);

insert into cgr_especializaciones values (DEFAULT, 1, 1, 1, 1, 2, 1, 1, 1);
insert into cgr_especializaciones values (DEFAULT, 1, 2, 1, 1, 1, 1, 1, 4);
insert into cgr_especializaciones values (DEFAULT, 1, 9, 5, 5, 1, 3, 3, 3);
insert into cgr_especializaciones values (DEFAULT, 1, 48, 24, 20, 8, 4, 3, 7);
insert into cgr_especializaciones values (DEFAULT, 1, 48, 24, 20, 8, 5, 6, 9);
insert into cgr_especializaciones values (DEFAULT, 1, 41, 21, 20, 9, 6, 6, 1);
insert into cgr_especializaciones values (DEFAULT, 1, 25, 13, 12, 2, 7, 7, 8);
insert into cgr_especializaciones values (DEFAULT, 1, 26, 13, 12, 2, 8, 8, 1);
insert into cgr_especializaciones values (DEFAULT, 1, 17, 9, 9, 5, 9, 9, 5);

insert into cgr_precios_paquetes values ('2021-10-02', 1 , 1 , '2021-10-07', 1500);
insert into cgr_precios_paquetes values ('2021-11-12', 2 , 1 , '2021-11-19', 2000);
insert into cgr_precios_paquetes values ('2021-03-03', 3, 3 , '2021-03-06', 450 );
insert into cgr_precios_paquetes values ('2021-05-12', 4, 3 , '2021-05-13', 150);
insert into cgr_precios_paquetes values ('2021-02-02', 5, 6 , '2021-02-04', 600);
insert into cgr_precios_paquetes values ('2021-11-14', 6, 6 , '2021-11-15',250);
insert into cgr_precios_paquetes values ('2021-02-02', 7, 7 , '2021-02-07',150);
insert into cgr_precios_paquetes values ('2021-08-12', 8, 8 , '2021-08-16', 1500);
insert into cgr_precios_paquetes values ('2021-09-17', 9,9 , '2021-09-18', 200);

insert into cgr_calendarios_anuales values ('2021-10-02', 1, 1);
insert into cgr_calendarios_anuales values ('2021-11-12', 2 , 1);
insert into cgr_calendarios_anuales values ('2021-03-03', 3, 3);
insert into cgr_calendarios_anuales values ('2021-05-12', 4, 3);
insert into cgr_calendarios_anuales values ('2021-02-02', 5, 6);
insert into cgr_calendarios_anuales values ('2021-11-14', 6, 6 );
insert into cgr_calendarios_anuales values ('2021-02-02', 7, 7);
insert into cgr_calendarios_anuales values ('2021-08-12', 8, 8);
insert into cgr_calendarios_anuales values ('2021-09-17', 9,9);

insert into cgr_descuentos values (DEFAULT, 1, '2021-01-06', 'general', '2021-02-06', 0,50);
insert into cgr_descuentos values (DEFAULT, 1, '2021-03-12', 'adultos', null,  2, 35);
insert into cgr_descuentos values (DEFAULT, 3, '2021-05-11', 'desnino',null,  null, 45);
insert into cgr_descuentos values (DEFAULT, 6, '2020-04-10', 'viajerosgratis', '2021-01-01', 4, 100);
insert into cgr_descuentos values (DEFAULT, 5, '2020-08-17' , 'otros',null , null, 20);
insert into cgr_descuentos values (DEFAULT, 7, '2019-04-11', 'desnino', null,null, 35); 
insert into cgr_descuentos values (DEFAULT, 7, '2021-12-04', 'viajerosgratis', '2021-12-04', 20, null);
insert into cgr_descuentos values (DEFAULT, 8, '2020-10-07', 'adultos', null, null, 25);
insert into cgr_descuentos values (DEFAULT, 9, '2020-09-28', 'desnino', '2021-09-28', null, 55);
 
insert into cgr_itinerarios values (1, 1, 1, 1, 1, 5); 
insert into cgr_itinerarios values (2, 2, 1, 1, 1, 7); 
insert into cgr_itinerarios values (3,  3, 3, 5, 5, 3); 
insert into cgr_itinerarios values (4, 4, 3, 24, 20, 1); 
insert into cgr_itinerarios values (5, 5, 6, 24, 20, 2); 
insert into cgr_itinerarios values (6, 6, 6, 21, 20, 1); 
insert into cgr_itinerarios values (7, 7, 7, 13, 12, 1); 
insert into cgr_itinerarios values (8, 8, 8, 13, 12, 4); 
insert into cgr_itinerarios values (9, 9, 9, 9, 9, 1); 

insert into cgr_itn_atr values (1, 1, 1, 1, 1, 1, 1, 1, 1);
insert into cgr_itn_atr values (2, 2, 1, 1, 1, 2, 1, 1, 2 ); 
insert into cgr_itn_atr values (3, 3,  3, 5, 5, 9 ,5,5,4 ); 
insert into cgr_itn_atr values (4, 4, 3,  24, 20, 48, 24, 20, 8); 
insert into cgr_itn_atr values (5, 5, 6, 24, 20, 47, 24, 20, 3); 
insert into cgr_itn_atr values (6, 6, 6,  21, 20, 41, 21, 20, 5); 
insert into cgr_itn_atr values (7, 7, 7,  13, 12, 25, 13, 12, 9); 
insert into cgr_itn_atr values (8, 8, 8, 13, 12, 26, 13, 12, 6 ); 
insert into cgr_itn_atr values (9, 9, 9, 9, 9, 17,9, 9, 7);

insert into cgr_detalles_servicios values (DEFAULT, 1, 1, 1, 1, 1, 'alojamiento', 'Alojamiento en Hotel Elysées Union');
insert into cgr_detalles_servicios values (DEFAULT, 2, 2, 1, 1, 1, 'alojamiento', 'Alojamiento hotel terminus Lyon con vista a la torre desde su habitacion');
insert into cgr_detalles_servicios values (DEFAULT, 3, 3, 3, 5, 5, 'otro', 'Full day parque de agua dubai');
insert into cgr_detalles_servicios values (DEFAULT, 4, 4, 3, 24, 20, 'otro', 'Reserva para visita al museo de la antigua carcel de alcatraz');
insert into cgr_detalles_servicios values (DEFAULT, 5, 5, 6, 24, 20, 'cama_alq', 'Alquiler de yate');
insert into cgr_detalles_servicios values (DEFAULT, 6, 6, 6, 21, 20, 'otro', 'Alquiler de SUV');
insert into cgr_detalles_servicios values (DEFAULT, 7, 7, 7, 13, 12, 'alojamiento', 'visita al templo y alojamiento en hotel k11');
insert into cgr_detalles_servicios values (DEFAULT, 8, 8, 8, 13, 12, 'otro', 'alojamiento en camping, y excursion');
insert into cgr_detalles_servicios values (DEFAULT, 9, 9, 9, 9, 9, 'boleto_autobus', 'mas alojamiento en piscina (fullday)');

insert into cgr_alo_det values ( 1,1, 1, 1, 1, 1, 1);
insert into cgr_alo_det values ( 2 ,2, 2, 1, 1, 1, 2);
insert into cgr_alo_det values ( 3, 3, 3, 3, 5 , 5, 3);
insert into cgr_alo_det values ( 4, 4, 4, 3, 24, 20, 4);
insert into cgr_alo_det values ( 5, 5, 5, 6, 24, 20, 5);
insert into cgr_alo_det values ( 6, 6, 6, 6, 21, 20, 6);  
insert into cgr_alo_det values (7, 7, 7, 7, 13, 12, 7);
insert into cgr_alo_det values ( 8, 8, 8, 8, 13, 12, 7);
insert into cgr_alo_det values ( 9, 9, 9, 9, 9, 9, 3);

insert into cgr_instrumentos_de_pago values ( DEFAULT, 25385742, 1500, 'TDD' , 2, null, null);
insert into cgr_instrumentos_de_pago values (DEFAULT, 25151252, 250, 'TDC', 1, null, null);
insert into cgr_instrumentos_de_pago values (DEFAULT, 12547589, 2500, 'zelle', null, 1, 'alvaroo@hotmail.com');
insert into cgr_instrumentos_de_pago values (DEFAULT, 88774589, 150 , 'TDD', 4, null, null); 
insert into cgr_instrumentos_de_pago values (DEFAULT , 1025369, 100, 'ctabanco', 9, null, null );
insert into cgr_instrumentos_de_pago values (DEFAULT, 25393752, 1500, 'zelle', null, 2, 'joanrosas@gmail.com');
insert into cgr_instrumentos_de_pago values (DEFAULT, 5899658, 300, 'TDD', 5, null, null);
insert into cgr_instrumentos_de_pago values (DEFAULT, 44111222, 200, 'TDC', 2, null, null);
insert into cgr_instrumentos_de_pago values (DEFAULT, 47489956, 150, 'TDD', 7, null, null);

insert into cgr_paquetes_contrato values (DEFAULT, 1, 1, 1025369, 1, 1500, '2019-10-12', '2019-10-01', 'robertopo@gmail.com', 1500, 5, '2019-11-10', 2);
insert into cgr_paquetes_contrato values (DEFAULT, 1, 1, 25151252, 2, 450, '2019-08-10', '2019-08-11', 'ernest@hotmail.com', 500, 3 , '2019-10-10', 3); 
insert into cgr_paquetes_contrato values (DEFAULT, 4, 3, 12547589, 2, 150, '2019-10-18', '2019-10-20', 'alvaroo@hotmail.com', 150 , 2, '2020-01-01', 4);
insert into cgr_paquetes_contrato values (DEFAULT, 2, 1, 25385742, 2, 350, '2020-08-07', '2020-08-09', 'robertopo@gmail.com', 375, 2, '2020-09-09', 5);
insert into cgr_paquetes_contrato values (DEFAULT, 5, 6, 44111222, 3, 600, '2020-09-07', '2020-09-07', 'juliac@gmail.com', 600, 2 , '2020-10-07', 6);
insert into cgr_paquetes_contrato values (DEFAULT, 4, 3, 88774589, 5, 450, '2020-09-18', '2020-09-20', 'candr@gmail.com', 450, 3, '2020-11-23',  7);
insert into cgr_paquetes_contrato values (DEFAULT, 5, 6, 25151252, 2, 600, '2021-01-02', '2021-01-03', 'ernest@hotmail.com', 600, 2,' 2021-01-20', 6);
insert into cgr_paquetes_contrato values (DEFAULT, 3, 3, 47489956, 4, 350, '2021-03-13', '2021-03-15', 'luisgar@yahoo.com', 350, 3, '2021-05-05', 8);
insert into cgr_paquetes_contrato values (DEFAULT, 8, 8, 25393752, 3, 1500, '2021-05-04', '2021-05-06', 'jrosas@yahoo.com', 1500, 5, '2021-08-20', 9);

insert into cgr_formas_de_pago values (1, 25385742, 2, 'parcial');
insert into cgr_formas_de_pago values (2, 25151252, 3, 'cuotas');
insert into cgr_formas_de_pago values (3, 12547589, 4, 'parcial');
insert into cgr_formas_de_pago values (4, 88774589, 3, 'parcial'); 
insert into cgr_formas_de_pago values (5, 1025369, 4, 'cuotas'); 
insert into cgr_formas_de_pago values (6, 25393752, 5, 'cuotas'); 
insert into cgr_formas_de_pago values (7, 5899658, 9, 'parcial'); 
insert into cgr_formas_de_pago values (8, 44111222, 7, 'parcial');
insert into cgr_formas_de_pago values (9, 47489956, 1, 'parcial');

insert into cgr_viajeros values ( 25385742, 1, 1, 1, 'roberto', 'ojeda', 'pacheco','M' , '1960-08-09', null); 
insert into cgr_viajeros values ( 25151252, 1, 1, 1, 'ernesto', 'avila', 'garcia','M' , '1955-12-07', null);
insert into cgr_viajeros values ( 12547589, 5, 5, 3, 'alvaro', 'santiago', 'garcia','M' , '1945-07-07', null);
insert into cgr_viajeros values ( 88774589, 24, 20, 5, 'cristel', 'andrade', 'ojeda','F' , '1985-11-14', null);
insert into cgr_viajeros values (1025369, 21, 20, 6, 'juan', 'ojeda', 'ojeda','M' , '1995-08-24', null);
insert into cgr_viajeros values (25393752, 1, 1, 2, 'joan', 'rosas', 'cruz','M' , '1983-04-13', null);
insert into cgr_viajeros values (5899658, 1, 1, 2, 'Ysnardo', 'Salgado', 'cruz','M' , '1963-09-01', null);
insert into cgr_viajeros values (44111222, 1, 1, 2, 'juliana', 'Curoto', 'Perez','F' , '1973-05-04', null);
insert into cgr_viajeros values (47489956, 13, 12, 7, 'Luis', 'Garcia', 'Perez','M' , '1975-08-14', null);

insert into cgr_pai_via values (25385742, 1, 123456789);
insert into cgr_pai_via values (25151252 ,2, 536476543);
insert into cgr_pai_via values (12547589, 3, 587458215);
insert into cgr_pai_via values ( 88774589, 4 , 536521479); 
insert into cgr_pai_via values (1025369, 5, 554789668); 
insert into cgr_pai_via values (25393752, 6, 587489321); 
insert into cgr_pai_via values (5899658, 7, 123258369); 
insert into cgr_pai_via values (44111222, 8, 874965125); 
insert into cgr_pai_via values (47489956, 9 , 563587489); 

insert into cgr_registro_viajeros values (1, 25385742, '2019-10-10', 1);
insert into cgr_registro_viajeros values (1, 25151252, '2020-11-11', 2);
insert into cgr_registro_viajeros values (3, 12547589, '2021-01-18', 3);
insert into cgr_registro_viajeros values (6, 88774589, '2019-04-12', 4);
insert into cgr_registro_viajeros values (6, 1025369, '2020-02-10', 5);
insert into cgr_registro_viajeros values (2, 25393752, '2018-04-01', 6);
insert into cgr_registro_viajeros values (1, 5899658, '2019-01-09', 7);
insert into cgr_registro_viajeros values (1, 44111222, '2021-01-10', 8);
insert into cgr_registro_viajeros values (7, 47489956, '2020-09-01', 9);

insert into cgr_detalle_viajeros values ( 25385742, 1, 1);
insert into cgr_detalle_viajeros values ( 25151252, 1, 1);
insert into cgr_detalle_viajeros values (12547589, 3, 3); 
insert into cgr_detalle_viajeros values ( 88774589, 6, 5); 
insert into cgr_detalle_viajeros values(1025369, 6,6); 
insert into cgr_detalle_viajeros values (25393752, 2,1); 
insert into cgr_detalle_viajeros values(5899658, 1, 2); 
insert into cgr_detalle_viajeros values (44111222, 1,2); 
insert into cgr_detalle_viajeros values (47489956, 7, 7); 

insert into cgr_participantes values (DEFAULT, 1, 1, 25385742, 2, 25385742, false , null); 
insert into cgr_participantes values (DEFAULT, 1, 1, 25151252, 2, 25151252, false , null); 
insert into cgr_participantes values (DEFAULT, 1, 3, 12547589, 2, 12547589, false , null); 
insert into cgr_participantes values (DEFAULT, 1, 6, 88774589, 5, 88774589, false , null); 
insert into cgr_participantes values (DEFAULT, 2, 6, 1025369, 1, 1025369, true , null); 
insert into cgr_participantes values (DEFAULT, 2, 2, 25393752, 3, 25393752, true , null); 
insert into cgr_participantes values (DEFAULT, 2, 1,5899658, 1, 5899658, false , null); 
insert into cgr_participantes values (DEFAULT, 2, 1, 44111222, 3, 44111222, true , null); 
insert into cgr_participantes values (DEFAULT, 2, 7, 47489956, 4, 47489956, true , null); 

insert into cgr_puntuaciones values (DEFAULT, 1, 1, 1, 1, 1); 
insert into cgr_puntuaciones values (DEFAULT, 1, 1, 1, 1, 1); 
insert into cgr_puntuaciones values (DEFAULT, 1, 1, 1, 1, 1); 
insert into cgr_puntuaciones values (DEFAULT, 1, 1, 1, 1, 1); 
insert into cgr_puntuaciones values (DEFAULT, 7, 5, 5, 10, 3); 
insert into cgr_puntuaciones values (DEFAULT, 7, 5, 5, 10, 3); 
insert into cgr_puntuaciones values (DEFAULT, 7, 5, 5, 10, 3); 
insert into cgr_puntuaciones values (DEFAULT, 7, 5, 5, 10, 3); 
insert into cgr_puntuaciones values (DEFAULT, 7, 5, 5, 10, 3); 